{"clarity": 25, "filler_sounds": 0, "pitch": 87, "pauses": 0, "wpm": 171, "filler words": 0, "total_pause_time": 0, "bad_pause_count": 0, "word_count": 7, "total time": 4, "pitch_time": "[0.0, 0.035, 0.07, 0.105, 0.14, 0.175, 0.21, 0.245, 0.28, 0.315, 0.35, 0.385, 0.42, 0.455, 0.49, 0.525, 0.56, 0.595, 0.63, 0.665, 0.7, 0.735, 0.77, 0.805, 0.84, 0.875, 0.91, 0.945, 0.98, 1.015, 1.05, 1.085, 1.12, 1.155, 1.19, 1.225, 1.26, 1.295, 1.33, 1.365, 1.4, 1.435, 1.47, 1.505, 1.54, 1.575, 1.61, 1.645, 1.68, 1.715, 1.75, 1.785, 1.82, 1.855, 1.89, 1.925, 1.96, 1.995, 2.03, 2.065, 2.1, 2.135, 2.17, 2.205, 2.24, 2.275, 2.31, 2.345, 2.38, 2.415, 2.45, 2.485, 2.52, 2.555, 2.59, 2.625, 2.66, 2.695, 2.73, 2.765, 2.8, 2.835, 2.87, 2.905, 2.94, 2.975, 3.01, 3.045, 3.08, 3.115, 3.15, 3.185, 3.22, 3.255, 3.29, 3.325, 3.36, 3.395, 3.43, 3.465, 3.5, 3.535, 3.57, 3.605, 3.64, 3.675, 3.71, 3.745, 3.78, 3.815, 3.85, 3.885, 3.92, 3.955, 3.99, 4.025, 4.06, 4.095, 4.13, 4.165, 4.2, 4.235, 4.27, 4.305, 4.34, 4.375, 4.41, 4.445, 4.48, 4.515, 4.55, 4.585, 4.62, 4.655, 4.69, 4.725, 4.76, 4.795, 4.83, 4.865, 4.9, 4.935, 4.97]", "pitch_freq": "[32.47034550395623, 32.63256840978124, 32.8906183697866, 32.447671117114155, 32.401280497222935, 32.40957597994757, 35.245972067089774, 33.47503474335638, 33.47575429788399, 34.270754506569816, 34.37392846648267, 32.67626391981817, 32.33634582027583, 32.3587438400351, 32.24662577472776, 32.46430209861859, 33.7493744003629, 33.650960527670975, 34.1451724605406, 32.553466874510185, 33.87173322464541, 33.77245426475051, 32.610822960273566, 32.56668824615596, 32.57079184934864, 32.21703852378564, 32.4111085676127, 33.37147648802044, 33.2189698874039, 33.050391773597426, 33.82248283375204, 33.90309526853261, 33.07435445311929, 32.825281391223704, 34.37235343633597, 36.564882874103326, 34.28565970304498, 32.318914205084546, 32.51697341798668, 32.18880424235532, 32.715432012178816, 33.21616956641993, 34.737216067470335, 38.640157263453915, 40.544497476011294, 43.63601500659479, 40.23623911086533, 38.894278861989, 35.766552146818036, 34.23966072534349, 33.37889414382845, 32.95237344555026, 32.822944300604256, 32.91545811213575, 32.59450518716975, 32.40872506356609, 32.6793189022369, 32.16177308261977, 36.10077820314197, 40.295442834088064, 45.08119409435358, 50.37852987809457, 56.83054614521729, 63.212983083744014, 72.02040577984087, 79.82931731981691, 89.29218697732901, 96.88863374287088, 108.59560548236871, 119.16412927463, 134.86650474182846, 151.87753671158384, 160.86808897361357, 181.38277604729313, 183.3813749449462, 183.60305513513825, 183.12551310277968, 172.1300994980516, 159.44638317398383, 149.91898396705062, 144.11245474314498, 145.127187971046, 142.91151962052498, 141.90181309204266, 141.49418270777, 140.0944034445424, 138.83545204549097, 138.86662819871628, 139.32353293887877, 135.56747876902867, 138.56469589348217, 155.4542017847358, 151.00086497039547, 147.9064406144708, 142.96847285874802, 139.09984578349213, 135.62462108515706, 132.64460445878078, 129.79240354607404, 127.22021916420971, 124.80710124711092, 123.73473739899181, 123.2576508543315, 123.22551769416248, 123.46606420796735, 128.5479156209449, 127.71942509866611, 129.70459953977283, 123.6839088844292, 116.9846945387238, 118.97167173508622, 116.77945102191805, 114.5264854073416, 117.32992167913378, 119.8713910083289, 122.18009468217375, 120.28159517983651, 120.61032097281637, 120.99782911265173, 120.75251781027112, 122.81793154186758, 122.031998233624, 122.70871678751101, 122.75519756295296, 123.04750865390389, 121.16941705469165, 118.88222986295831, 119.84008434845323, 119.36475447791138, 118.95420761183695, 116.57792909294781, 121.49399898399545, 120.82365039472741, 119.86488539608979, 121.88944867029592, 118.76679446632306, 120.09459361531357, 120.55305252235806, 120.88829071744003, 117.74506270006789, 118.99838572571129, 119.37307551937482, 119.68957612558214]", "transcription": " tan l one hand oh il on"}