{"clarity": 0, "filler_sounds": 0, "pitch": 73, "pauses": 0, "wpm": 0, "filler words": 0, "total_pause_time": 0, "bad_pause_count": 0, "word_count": 0, "total time": 4, "pitch_time": "[0.0, 0.035, 0.07, 0.105, 0.14, 0.175, 0.21, 0.245, 0.28, 0.315, 0.35, 0.385, 0.42, 0.455, 0.49, 0.525, 0.56, 0.595, 0.63, 0.665, 0.7, 0.735, 0.77, 0.805, 0.84, 0.875, 0.91, 0.945, 0.98, 1.015, 1.05, 1.085, 1.12, 1.155, 1.19, 1.225, 1.26, 1.295, 1.33, 1.365, 1.4, 1.435, 1.47, 1.505, 1.54, 1.575, 1.61, 1.645, 1.68, 1.715, 1.75, 1.785, 1.82, 1.855, 1.89, 1.925, 1.96, 1.995, 2.03, 2.065, 2.1, 2.135, 2.17, 2.205, 2.24, 2.275, 2.31, 2.345, 2.38, 2.415, 2.45, 2.485, 2.52, 2.555, 2.59, 2.625, 2.66, 2.695, 2.73, 2.765, 2.8, 2.835, 2.87, 2.905, 2.94, 2.975, 3.01, 3.045, 3.08, 3.115, 3.15, 3.185, 3.22, 3.255, 3.29, 3.325, 3.36, 3.395, 3.43, 3.465, 3.5, 3.535, 3.57, 3.605, 3.64, 3.675, 3.71, 3.745, 3.78, 3.815, 3.85, 3.885, 3.92, 3.955, 3.99, 4.025, 4.06, 4.095, 4.13, 4.165, 4.2, 4.235, 4.27, 4.305, 4.34, 4.375, 4.41, 4.445, 4.48, 4.515, 4.55, 4.585, 4.62, 4.655, 4.69, 4.725, 4.76, 4.795, 4.83, 4.865, 4.9, 4.935, 4.97]", "pitch_freq": "[34.140438177496776, 34.78209854482247, 32.82270841333365, 34.95103669928439, 32.02441654364313, 32.75457173091289, 33.001428143491665, 32.23187585413457, 32.583678989032435, 32.92351170813674, 35.21925243397474, 34.40856276107554, 39.98188679040345, 43.306224927594236, 49.19093207657812, 55.14634531805611, 61.42695570552127, 70.22659504610223, 76.34130297292603, 87.50638016407143, 95.60644878060118, 105.25527931196756, 121.16205163725706, 127.79062431478026, 128.05198901675138, 128.1821677435691, 126.22530295247428, 126.15885087169858, 126.61799131801168, 124.85838274171991, 124.92871416750543, 124.70111718718123, 123.14812465628393, 122.7343054767702, 123.62911764192526, 123.41211212681756, 122.5893549639172, 122.19615225178546, 122.24348413750883, 123.72065745539209, 123.57474016255617, 123.77202238631271, 123.1800207670396, 123.09060361399568, 123.04044943141079, 123.44311074627576, 123.96837820247018, 123.41883496109504, 123.92506263333438, 123.81032774520874, 123.7855149799451, 123.15295438304284, 121.92769786116568, 122.62707895852873, 125.23481148841171, 129.14470373523852, 131.99682140829498, 136.33217429741697, 142.81134823710585, 144.35884624406953, 137.51799427211867, 132.2127658406838, 131.42941225435052, 132.91023068687946, 134.1577501986015, 133.0451854999306, 135.42954240909842, 133.24688614672496, 134.4865021557593, 128.50601529285615, 121.50349751257181, 114.09644559704135, 107.10537184080151, 99.56349185357247, 93.50015521592626, 85.02603717222709, 80.40522702841885, 76.21696647981219, 71.09900438334604, 66.23942335908356, 62.55222206181234, 57.206494182452865, 54.119086708207114, 51.79779557602984, 48.28830463410227, 47.23625329126268, 46.50166692354709, 45.010969788029726, 43.29249090178534, 43.09334859709501, 41.85633278325041, 40.94325989385085, 41.71178454082537, 41.25801801533261, 42.232875215175696, 41.76868461631798, 41.229208107873205, 41.083999370421964, 42.13284656792719, 43.96918209241869, 41.81639275830477, 42.23005180669062, 42.60017036908573, 39.46192343557952, 36.00299951736244, 32.368503321227855, 32.45078617381841, 35.5908269706486, 33.641289174900166, 33.05980084528608, 32.5227401942644, 32.14710599228998, 32.573155593285534, 32.60940708401604, 32.41706415052996, 32.40939811416565, 32.39673389541281, 35.924858158069675, 33.09425098371223, 32.342967364354124, 32.70367178449114, 32.389256052296, 32.57860237364313, 32.48100719677442, 32.493897744738035, 32.25313833720022, 33.95655518112301, 36.378162982667945, 36.85967743677867, 34.384608321221044, 33.4088701546354, 33.48753272533785, 35.89046196223765, 37.072983935635236, 37.04163073879052, 35.06208821631313, 33.923423758872346, 32.835703196371924, 32.30627716321845, 32.56915234560324, 32.352317561153896, 33.57978807279372, 33.99979016302362]", "transcription": ""}