{"clarity": 0, "filler_sounds": 0, "pitch": 33, "pauses": 0, "wpm": 0, "filler words": 0, "total_pause_time": 0, "bad_pause_count": 0, "word_count": 0, "total time": 4, "pitch_time": "[0.0, 0.035, 0.07, 0.105, 0.14, 0.175, 0.21, 0.245, 0.28, 0.315, 0.35, 0.385, 0.42, 0.455, 0.49, 0.525, 0.56, 0.595, 0.63, 0.665, 0.7, 0.735, 0.77, 0.805, 0.84, 0.875, 0.91, 0.945, 0.98, 1.015, 1.05, 1.085, 1.12, 1.155, 1.19, 1.225, 1.26, 1.295, 1.33, 1.365, 1.4, 1.435, 1.47, 1.505, 1.54, 1.575, 1.61, 1.645, 1.68, 1.715, 1.75, 1.785, 1.82, 1.855, 1.89, 1.925, 1.96, 1.995, 2.03, 2.065, 2.1, 2.135, 2.17, 2.205, 2.24, 2.275, 2.31, 2.345, 2.38, 2.415, 2.45, 2.485, 2.52, 2.555, 2.59, 2.625, 2.66, 2.695, 2.73, 2.765, 2.8, 2.835, 2.87, 2.905, 2.94, 2.975, 3.01, 3.045, 3.08, 3.115, 3.15, 3.185, 3.22, 3.255, 3.29, 3.325, 3.36, 3.395, 3.43, 3.465, 3.5, 3.535, 3.57, 3.605, 3.64, 3.675, 3.71, 3.745, 3.78, 3.815, 3.85, 3.885, 3.92, 3.955, 3.99, 4.025, 4.06, 4.095, 4.13, 4.165, 4.2, 4.235, 4.27, 4.305, 4.34, 4.375, 4.41, 4.445, 4.48, 4.515, 4.55, 4.585, 4.62, 4.655, 4.69, 4.725, 4.76, 4.795, 4.83, 4.865, 4.9, 4.935, 4.97]", "pitch_freq": "[32.78959631464534, 32.391934792230835, 32.7263999119645, 32.95753651294607, 33.80917080152824, 33.02936779942874, 32.77351182216322, 32.28054661130749, 32.37784652977359, 35.42435765913896, 33.939993082580926, 37.22272607882184, 34.060710769990614, 32.42544355153343, 32.55833478103051, 32.42600795208929, 32.43601260958889, 32.211460518747955, 33.23146742827019, 34.11043772556588, 37.447076807807356, 37.622990039851416, 36.913367025923094, 36.025402785859164, 35.617011261783404, 32.3136487524987, 32.65769466005011, 32.56940727282152, 32.3515754442385, 34.01513047684491, 32.51653501513656, 32.406296807476494, 32.22735803198558, 32.16131935820278, 34.503647868549066, 37.62820820553057, 37.336217072665605, 38.202986958450374, 40.11720931518575, 42.010228458208914, 39.83953952742031, 39.20941170922873, 34.124853526256715, 34.82451377886294, 34.76667200445775, 32.22103040504894, 32.81861867425464, 32.087176125897386, 32.035142528309926, 33.59453952931, 34.337509128413785, 32.46066867499356, 32.26884129143605, 32.11930534601084, 32.72829541144372, 34.67359903732679, 34.13424534609242, 34.389560361818454, 35.5395380472747, 36.95117742977226, 34.79576840923608, 32.570509630858886, 32.16596740699516, 32.84222735667336, 33.10011311647394, 32.18285989566839, 32.29406899982151, 32.4622535194285, 32.68762139982255, 34.85938977435045, 33.54140587890117, 32.7203403795223, 33.859953201281094, 36.23757250883539, 35.05130716370534, 32.95978707629007, 33.353314827999874, 32.839629875357765, 35.59964023631575, 35.675394390782586, 32.08101333912049, 32.37452830487597, 33.655133287884794, 34.690493935231295, 35.767770546384476, 32.640722567950995, 32.420917819581106, 32.72114153664348, 32.36186019544085, 32.77306035409376, 32.08764809944261, 32.098099576060115, 32.81436211937107, 32.428419273351174, 32.19829456613449, 33.40014574803077, 32.32578643121442, 32.3802789653891, 32.28775831301531, 32.32488576286475, 32.542617775143974, 32.29930429145974, 34.10005962266748, 37.75414509979826, 38.66417382604122, 33.85477619632883, 38.01676251671091, 36.54664836566019, 34.959090234281234, 33.66364554517389, 32.93989952726292, 32.43351395882056, 32.61210651949248, 32.327550502434654, 32.34068620477999, 32.12126882383206, 32.72379109322071, 34.85656828131774, 32.15481479402528, 32.787710822922456, 32.74187648711893, 34.277651051062115, 34.20568384649371, 33.26964560575365, 32.66084768059121, 32.820491284361076, 32.361132907887914, 32.742297183009406, 35.593405464027924, 32.26224015431175, 32.454393613413586, 32.45142389314323, 32.43698313565533, 32.46233120946962, 32.81423893549351, 32.72825046097629, 32.75581488577094, 32.43790174936222, 32.49501801897229, 32.25124508787022, 32.38240517571656, 32.433514216200464, 32.39267769341415]", "transcription": ""}